True_Label,CNN_LSTM,Attention_BiLSTM,Multimodal,Edge_Model
0,0.0002454776,0.4784583,1.02744334e-10,0.48823246
0,0.0003516801,0.482731,3.7210274e-10,0.55538934
0,0.0002431816,0.48004,1.4578916e-11,0.53136593
0,0.00036276152,0.47374657,4.3896862e-11,0.54263836
0,0.0060876263,0.47185665,5.2785144e-05,0.35327697
0,0.00035131385,0.4828197,2.0507805e-10,0.5415766
0,0.072654635,0.4703916,0.10746727,0.38146296
0,0.02582195,0.46955776,0.0008550688,0.32512274
0,0.0025954156,0.4761984,8.177283e-05,0.3348659
0,0.00029441965,0.47912169,3.7667644e-10,0.5480079
0,0.0002878771,0.47852913,4.7104248e-11,0.5322056
0,0.0066188695,0.4745058,9.9897916e-05,0.32689774
0,0.00041488878,0.4782904,4.30155e-10,0.53601104
0,0.0004454738,0.4827035,4.2115276e-09,0.5403497
0,0.0004313699,0.48002255,4.451001e-09,0.5325507
0,0.0397836,0.45420766,6.0314596e-07,0.36086288
0,0.008990712,0.46889874,0.00051367097,0.33975253
0,0.030448467,0.4743782,6.742255e-05,0.36448246
0,0.00031417847,0.47771692,1.8452491e-10,0.5255618
0,0.022304777,0.4761187,0.057429094,0.3835878
0,0.0014646561,0.4801901,9.278752e-09,0.5456585
0,0.0026227678,0.4643889,0.00035358872,0.32368556
0,0.00045603458,0.47593957,1.3570307e-09,0.51250416
0,0.0040251403,0.47446847,0.00043434594,0.32884416
0,0.0031527127,0.48333725,1.5477017e-08,0.5321456
0,0.016283082,0.4652978,0.0035924807,0.3350719
0,0.00037948892,0.4813289,1.6561036e-10,0.5163096
0,0.00032696777,0.48292455,4.2566206e-10,0.52808696
0,0.0011653956,0.47185925,2.121717e-08,0.542351
0,0.18350989,0.47697282,0.0043593324,0.34250316
0,0.0006108048,0.48284283,8.546711e-10,0.5475706
0,0.060417093,0.47095183,0.13980833,0.34000054
0,0.17303242,0.47245982,4.9975e-06,0.35621554
0,0.0003010098,0.48279658,4.0077018e-11,0.53762215
0,0.00041364605,0.48291487,1.7315081e-10,0.53184515
0,0.0007876149,0.4806509,2.2135621e-08,0.5195482
0,0.0041066012,0.4683924,0.0003889926,0.33487543
0,0.0003914247,0.48261616,3.4461825e-10,0.54498583
0,0.015951036,0.48154315,7.505798e-09,0.5464251
0,0.0056765974,0.47310847,2.1633593e-06,0.41060293
0,0.001294058,0.47939998,6.132801e-07,0.5356683
0,0.002237295,0.4720466,1.682193e-05,0.3499719
0,0.00048876874,0.47618946,1.706622e-10,0.52828586
0,0.015100565,0.47410044,0.00016245997,0.3267739
0,0.0005938694,0.47644705,8.2098917e-10,0.54384285
0,0.00029349397,0.48063746,2.7366995e-10,0.51857805
0,0.036791142,0.47652894,8.161499e-05,0.38609424
0,0.011530775,0.46686304,2.8192803e-06,0.3932177
0,0.0056025027,0.4539861,0.000106174935,0.37901264
0,0.011495122,0.47781822,0.0013660312,0.33409962
0,0.003237911,0.47329795,4.0494547e-07,0.3523075
0,0.00033223027,0.4801492,1.0617232e-10,0.51814234
0,0.013783691,0.46772584,6.1827114e-07,0.37894312
0,0.00048577588,0.47311345,1.1950472e-09,0.5379097
0,0.00028358874,0.47237468,5.527481e-11,0.5178081
0,0.0012574483,0.47184864,7.953933e-05,0.33293948
0,0.0060659335,0.47566494,4.2185087e-07,0.39130956
0,0.00035545812,0.47871986,9.585798e-11,0.5553498
0,0.0049452465,0.47509107,1.4662468e-06,0.40045005
0,0.00044354473,0.48284233,4.208422e-07,0.51777434
0,0.00034663558,0.4815853,3.229016e-09,0.5380213
0,0.09214804,0.46299428,0.00012985512,0.41787443
0,0.00025532048,0.4819211,1.0142789e-10,0.54012465
0,0.005405359,0.46903902,0.00023589842,0.32746032
0,0.001277478,0.47889313,9.682088e-10,0.5422409
0,0.0046641044,0.45048934,0.00017747248,0.35790032
0,0.00741153,0.47245508,9.173923e-05,0.34497693
0,0.007962955,0.47503975,7.0570322e-06,0.38761494
0,0.0022792013,0.47609878,4.7663164e-07,0.5245846
0,0.008259004,0.47698212,2.412821e-06,0.43332863
0,0.0012672788,0.48266336,2.3618863e-08,0.5341982
0,0.0064286874,0.47080132,5.7500547e-05,0.34083578
0,0.016237523,0.47217345,0.00035980452,0.34250826
0,0.006869319,0.47429922,1.4820541e-06,0.3891885
0,0.00036818488,0.4793888,1.48081e-08,0.52990115
0,0.0010385311,0.48111856,2.6096605e-09,0.5220983
0,0.038474247,0.4697775,0.019132344,0.38083658
0,0.0132907415,0.48363212,4.5612854e-08,0.54826087
0,0.001889804,0.47636086,5.96183e-11,0.5321057
0,0.009895835,0.47534332,0.0007862778,0.3223857
0,0.010736717,0.4745608,0.0011820721,0.36786404
0,0.0043732435,0.47729558,1.8534737e-07,0.51772535
0,0.18805704,0.48392284,1.505518e-06,0.5599921
0,0.004214277,0.47917122,1.4824972e-08,0.5455406
0,0.003932156,0.46986002,3.553764e-05,0.35960937
0,0.008053016,0.4691466,5.106342e-07,0.3964468
0,0.00023687567,0.4812242,3.6104165e-11,0.5390777
0,0.00033437516,0.4790552,4.178253e-08,0.54578197
0,0.00050610496,0.47507572,4.273484e-10,0.51750344
0,0.00035063125,0.48211506,2.0624819e-10,0.5511988
0,0.0004992059,0.48102686,1.6948662e-10,0.53705186
0,0.09121593,0.47360402,0.00011405798,0.3632168
0,0.06477171,0.44867855,0.0006667614,0.35630894
0,0.00044876817,0.4805091,2.2020437e-07,0.55040646
0,0.00030449426,0.47781825,9.634198e-09,0.4954624
0,0.3617358,0.48037598,4.000387e-05,0.5308338
0,0.1793269,0.47887278,1.4372125e-05,0.4284039
0,0.009613233,0.4633818,0.0011526287,0.33002496
0,0.0015889284,0.47774762,3.491557e-10,0.5285034
0,0.0014737057,0.47934422,2.8217748e-09,0.5198417
0,0.00030407764,0.47869962,2.601904e-07,0.53315705
0,0.00035507485,0.4816459,4.40304e-09,0.5271803
0,0.019237252,0.47765437,1.0311065e-05,0.4137897
0,0.0008904855,0.46933267,1.7955585e-05,0.37005565
0,0.013236641,0.4728007,7.8109915e-05,0.33843395
0,0.006362088,0.46972972,2.2077063e-07,0.3720464
0,0.017154746,0.47360814,2.7873924e-05,0.4199011
0,0.013217242,0.46903098,9.98537e-06,0.35658976
0,0.021942256,0.47078657,4.363371e-09,0.34326455
0,0.000300774,0.47761443,6.5499134e-11,0.52098864
0,0.005993989,0.46460477,0.0001767089,0.35025674
0,0.0034322534,0.47129226,1.6337084e-05,0.36466515
0,0.0002847353,0.47992373,1.0836782e-10,0.51833546
0,0.0029597357,0.4656289,1.13214405e-07,0.33600613
0,0.0039733113,0.48302004,9.095919e-09,0.54442316
0,0.0051521026,0.47745407,0.00041821421,0.4283261
0,0.00041346782,0.48350173,2.1802107e-10,0.5294632
0,0.0022053395,0.47583437,6.2924888e-09,0.5512915
0,0.00063358597,0.4737605,1.7684337e-09,0.54109323
0,0.0133479815,0.47438174,4.87959e-05,0.40814242
0,0.006732064,0.47060248,0.0003652432,0.3321448
0,0.012506566,0.47155643,0.0015087452,0.32599068
0,0.015989387,0.47437873,0.00046360565,0.34489188
0,0.005291845,0.47703457,1.4896848e-06,0.3969838
0,0.009580932,0.47330788,7.027262e-07,0.38188782
0,0.18916391,0.4773247,2.3190662e-05,0.38003844
0,0.0003127264,0.4758251,1.6110398e-10,0.5143958
0,0.006984313,0.47375205,0.00022152385,0.3273586
0,0.01611617,0.47667545,1.5860598e-05,0.3987097
0,0.00041076963,0.47811303,2.752614e-10,0.5228993
0,0.0062693735,0.47189525,2.7760166e-06,0.41342473
0,0.008171998,0.4748326,0.00013454864,0.3274006
0,0.00043511594,0.44551134,3.825661e-09,0.4884404
0,0.0010565142,0.4795062,1.5430704e-09,0.53551704
0,0.0002974544,0.48153752,1.6172094e-10,0.5422568
0,0.0007284283,0.4744831,1.8584238e-10,0.52752167
0,0.007257413,0.48212963,8.330568e-07,0.5508622
0,0.0020563772,0.4720686,0.00018650724,0.347078
0,0.00041668073,0.48007572,5.366042e-10,0.5348424
0,0.0007321596,0.47453433,1.5662636e-10,0.5463765
0,0.00022191454,0.48089525,4.0210096e-11,0.5223015
0,0.0121495845,0.4764508,2.4625582e-05,0.41864815
0,0.0008821351,0.4788098,9.870095e-10,0.5506359
0,0.0016041602,0.4791219,4.339385e-09,0.5309765
0,0.01438385,0.46381894,1.1764348e-06,0.35110077
0,0.0112439245,0.45649427,1.7568178e-05,0.3611388
0,0.014175837,0.4718324,1.6669377e-06,0.3420002
0,0.00027628586,0.4780715,1.5920518e-10,0.52654576
0,0.012622695,0.47289145,0.0028647382,0.39640093
1,0.517691,0.483551,0.99927396,0.42167503
0,0.0006246358,0.47708216,1.3604302e-10,0.5295354
0,0.0006015939,0.48065597,6.634866e-10,0.51705456
0,0.00032008,0.4802795,4.0892753e-10,0.52803445
0,0.00026063458,0.47768608,1.790955e-10,0.5330948
0,0.000347847,0.481312,3.5931957e-10,0.52779484
0,0.02887758,0.48226202,2.7926864e-08,0.50818515
0,0.00050574186,0.47704256,6.147948e-11,0.54019195
0,0.01996845,0.47989967,1.9550946e-06,0.54707485
0,0.0017210131,0.45516732,1.5369973e-07,0.35956216
0,0.013059127,0.47481018,2.6700664e-06,0.5530238
0,0.0096345395,0.46892664,0.0012539602,0.3282389
0,0.00029317406,0.48284405,7.9495177e-10,0.5525056
0,0.00024541814,0.48330784,8.5803545e-11,0.52406263
0,0.0050488147,0.47232318,0.00024303603,0.355639
0,0.0016216463,0.47975466,1.3398197e-09,0.544474
0,0.0013247518,0.48031282,1.7595891e-08,0.53214633
0,0.0004276822,0.480539,1.5229935e-10,0.5380092
0,0.0004957311,0.47939712,3.196328e-11,0.5486816
0,0.0063567124,0.47943637,4.6137293e-06,0.54221183
0,0.012227065,0.47338998,0.00074040226,0.32277912
0,0.00012169277,0.46103463,2.7337606e-07,0.32171327
0,0.00063028705,0.47505802,3.689749e-09,0.5273409
0,0.025882948,0.47197372,0.014655237,0.37063697
0,0.00042285342,0.47709957,5.450794e-10,0.5191779
0,0.00069466187,0.47941378,8.757467e-11,0.5431381
0,0.0006303152,0.48308986,3.7397347e-09,0.51404834
0,0.004780267,0.47298747,0.0009242284,0.36529216
0,0.043492835,0.4649908,0.00058682746,0.35456482
0,0.0015532706,0.47780704,4.2983617e-09,0.5177632
0,0.0006140955,0.47955903,7.368695e-10,0.543084
0,0.004912664,0.47511664,1.6614543e-06,0.3868106
0,0.00045285403,0.4836488,4.349662e-08,0.540446
0,0.07636195,0.47148365,0.00016493203,0.3471601
0,0.00032390025,0.47901914,6.38042e-10,0.5511713
0,0.00029217592,0.4777475,1.8927997e-09,0.53149736
1,0.5940817,0.47314495,0.9894554,0.34430337
0,0.00049914833,0.47911325,1.1031329e-07,0.52669793
0,0.016538179,0.48006567,7.7305357e-10,0.5365484
0,0.00483778,0.47773156,0.0006445577,0.41976184
0,0.0007702209,0.48091307,1.5786535e-10,0.55006164
0,0.0004902128,0.48127446,5.2147012e-11,0.5433355
0,0.0028585396,0.45748687,2.3746123e-05,0.36073866
0,0.00032941636,0.4786467,1.7726574e-10,0.5364867
0,0.20192148,0.47379035,0.0019725873,0.34391442
0,0.0054112943,0.4694079,0.0018994008,0.35969865
0,0.010266625,0.47072968,0.00018893665,0.3277989
0,0.0005908903,0.4749931,9.661537e-10,0.5129308
0,0.0007254815,0.47477922,1.7082389e-08,0.5384463
0,0.00037044927,0.47535986,1.1861268e-10,0.53717357
0,0.00821898,0.47150725,1.8389287e-06,0.36235073
0,0.00035391535,0.47881758,2.4544735e-09,0.5392444
0,0.00039597476,0.48648968,2.2032232e-10,0.5473973
0,0.0007963004,0.4831915,4.4135562e-10,0.53551394
0,0.00047343626,0.47905383,1.7890146e-06,0.53116775
0,0.598434,0.47310224,2.3463115e-06,0.34901124
0,0.00049097324,0.4739465,4.7300862e-08,0.52013713
0,0.0029922996,0.4717857,2.671532e-05,0.34294266
0,0.00028959927,0.479423,3.0563999e-10,0.534189
0,0.0016985218,0.46873605,3.0897107e-05,0.37075037
0,0.00038839568,0.47680876,3.458277e-11,0.5471146
0,0.0015556071,0.44753373,0.010225923,0.3151508
0,0.07072826,0.4740447,0.0014061274,0.3413632
0,0.0065688244,0.477858,2.0381908e-06,0.40816617
0,0.29646194,0.47135967,1.7921587e-07,0.3599739
0,0.00045671366,0.48209554,6.053155e-10,0.5403841
0,0.04016622,0.47271615,0.00018218569,0.37604934
0,0.005604198,0.47661594,1.4413274e-05,0.4272391
0,0.366145,0.47066122,2.5876457e-07,0.5273742
0,0.0003327108,0.47785676,4.1796594e-10,0.5510269
0,0.021353323,0.47194952,8.594869e-07,0.34535325
0,0.44981417,0.47307888,0.00023718912,0.33274016
0,0.0002842067,0.48129356,7.3926094e-11,0.5363285
0,0.022533886,0.46957564,7.988069e-07,0.3468828
0,0.0031311454,0.4743003,0.0003605433,0.32223076
0,0.00024238531,0.48111272,2.6913138e-09,0.5425953
0,0.00034888537,0.47933117,5.5484084e-10,0.54860467
0,0.4502447,0.4763584,1.8515323e-07,0.38892224
0,0.00034774374,0.47949183,2.110756e-10,0.53885007
0,0.22620569,0.45605594,1.3230934e-05,0.36741066
0,0.00032352065,0.47658288,2.095261e-10,0.54704493
0,0.00036832254,0.44408494,4.0089407e-11,0.4835316
0,0.00053366256,0.46372414,1.1480579e-10,0.511976
0,0.0056156917,0.4712132,4.9825358e-05,0.34982333
0,0.0015448125,0.48117435,1.472189e-09,0.53417975
0,0.0023604992,0.4764563,0.000230623,0.3241292
0,0.002081735,0.4824257,9.660156e-10,0.54126686
0,0.0029405975,0.46761045,3.5681565e-11,0.36145577
0,0.076393835,0.43238673,0.0022316754,0.37558094
0,0.0064465874,0.47428808,0.00023174098,0.3299122
0,0.00019205437,0.4792892,1.420041e-10,0.5280889
0,0.00047313914,0.47421804,3.0850048e-10,0.5437465
0,0.026606144,0.4751541,0.00040372758,0.34245902
0,0.00045192585,0.46326795,3.7168473e-11,0.35726437
0,0.002877055,0.46904275,1.205855e-08,0.537337
0,0.0002762785,0.48074853,2.3533042e-10,0.5394296
0,0.0003023801,0.48109213,1.7830339e-10,0.51933265
0,0.00031683838,0.47710702,7.1844995e-11,0.5442326
0,0.006307185,0.473616,0.00012557654,0.3514104
0,0.00094158103,0.48272324,7.255884e-09,0.5493472
0,0.0004031138,0.4755403,1.0767889e-09,0.537777
0,0.0003634953,0.4822592,1.3323841e-08,0.5521174
0,0.0052226144,0.47687858,4.643733e-06,0.3984446
0,0.009761851,0.47450462,1.1962928e-06,0.35018474
0,0.051409755,0.4786082,2.5272711e-05,0.43017453
0,0.0008557918,0.47612184,1.0139042e-09,0.51189876
0,0.0003040426,0.47928408,2.2441866e-09,0.5322668
0,0.0043483195,0.47137406,6.06212e-06,0.3837157
0,0.007588232,0.4690487,8.525823e-06,0.34856063
0,0.0009996259,0.482236,3.3852066e-09,0.54584956
0,0.0002953125,0.48152128,4.0754445e-11,0.5452721
0,0.0050686426,0.47526318,2.4551173e-06,0.39474565
0,0.00984477,0.47151762,1.7950935e-06,0.4104607
0,0.01655209,0.4206885,1.0049568e-05,0.43663904
0,0.007281111,0.46926335,9.762428e-06,0.36303115
0,0.05242301,0.4563556,1.4240133e-08,0.37353167
0,0.00042812046,0.48293862,1.0111638e-09,0.537591
0,0.0042209416,0.45846763,0.00032691695,0.35366488
0,0.0012725984,0.4698761,6.6826966e-10,0.3611687
0,0.040596332,0.4730934,1.3429105e-06,0.38611722
0,0.017702993,0.47771856,5.347462e-07,0.5189268
0,0.006555309,0.4635592,0.00046640149,0.3866502
0,0.00042733114,0.4844621,1.4724031e-08,0.56033164
0,0.00020849428,0.471259,2.6670446e-10,0.5345064
0,0.00026038024,0.4804231,1.1669225e-10,0.5250079
0,0.0067073824,0.4735796,0.0002501152,0.34609655
0,0.00055930775,0.47814128,6.335917e-09,0.5167181
0,0.0021384107,0.47763658,4.3935287e-08,0.53099287
0,0.0026922813,0.47017792,3.6402007e-06,0.38480636
0,0.00031135321,0.4817985,1.3090767e-10,0.5540469
0,0.00875555,0.46207818,0.0009817142,0.32566038
0,0.012317551,0.47417483,0.00058889604,0.32250163
0,0.00028193646,0.48077366,3.176491e-11,0.54218817
0,0.0041248593,0.4738033,2.9804337e-09,0.35043898
0,0.00030441934,0.4812104,1.2151816e-10,0.5411945
0,0.003352244,0.47871888,4.0297073e-07,0.55528456
0,0.0021957192,0.45647797,2.2294227e-11,0.37023175
0,0.025768973,0.48122188,0.000101346384,0.53748316
0,0.0003479548,0.48240432,1.6427215e-09,0.5370748
0,0.3981057,0.4699035,0.6764032,0.5192277
0,0.004130246,0.4729782,2.0709233e-05,0.35477614
0,0.012510878,0.4639458,4.3216454e-07,0.3740571
0,0.06810796,0.46863917,3.196742e-07,0.38366884
0,0.02368603,0.47669405,0.030840823,0.34905782
0,0.005393319,0.47405452,3.5264526e-05,0.34979504
0,0.43769428,0.4736815,2.9224429e-08,0.37011683
0,0.025853291,0.47191504,0.0003635703,0.3289891
0,0.009541592,0.47517574,0.00018867347,0.3326926
0,0.0003458119,0.48017395,1.0725582e-09,0.55397373
0,0.00081931945,0.47599888,0.0003084257,0.32789055
0,0.0004308059,0.47840208,2.3855652e-08,0.50429976
0,0.0077230344,0.45550475,0.3231041,0.36068207
0,0.0003670709,0.47932437,1.8436626e-10,0.5495834
0,0.009599759,0.4733175,0.00096745003,0.3752591
0,0.0011696891,0.47277758,1.9935287e-09,0.54545784
0,0.0033767794,0.47651282,3.9340702e-07,0.52378297
0,0.038996197,0.4519063,2.6027571e-08,0.33963922
0,0.002055254,0.47582132,5.9551798e-08,0.5408176
0,0.00119819,0.48229998,6.3272364e-07,0.53051776
0,0.00038527627,0.4813945,3.6620668e-10,0.5386241
0,0.18024671,0.47071287,4.290536e-05,0.41048515
0,0.009294369,0.47271332,2.0400272e-05,0.3503666
0,0.00029060268,0.483327,2.6366365e-10,0.54882824
0,0.00072599365,0.47915545,2.2041881e-08,0.5435106
0,0.20899321,0.47201195,0.00192097,0.32989544
0,0.00047603738,0.4725411,0.00030272454,0.34596983
0,0.002009248,0.47696677,1.6683368e-08,0.5202559
0,0.13154909,0.4559293,0.0015366274,0.3998689
0,0.0013264384,0.47969452,1.3353092e-09,0.5277837
0,0.00086805783,0.47421017,1.683006e-09,0.53670955
0,0.0046114777,0.47504398,2.192912e-08,0.54909354
0,0.0002593649,0.48052993,5.82877e-11,0.5578472
0,0.00030540075,0.48014882,5.070469e-09,0.5247758
0,0.0007597133,0.47873056,2.6627497e-10,0.5327385
0,0.0008325942,0.47823575,1.2203758e-09,0.52659065
0,0.00053283764,0.47108507,2.803086e-09,0.54547155
0,0.026262328,0.45929217,0.0007390097,0.3375168
0,0.00054581143,0.47176632,2.2307105e-08,0.5491836
0,0.0053950273,0.4741665,0.00046619013,0.33570477
0,0.0018872047,0.48217762,7.3952783e-10,0.51867354
0,0.00033819294,0.47880888,1.3955245e-09,0.53079695
0,0.0002824937,0.4830369,9.8125376e-11,0.53999966
0,0.0027250086,0.47360665,0.00021811371,0.32301456
0,0.00087883754,0.47980526,3.3404373e-09,0.5038533
0,0.0952173,0.44165918,1.5225643e-07,0.33687
0,0.00052244915,0.4823899,1.01305844e-07,0.48064724
0,0.014462098,0.4702909,0.00013347802,0.35600558
0,0.00034294097,0.47884,2.8462438e-10,0.5520183
0,0.49814162,0.4740995,0.005577854,0.35630935
0,0.0021047294,0.47549862,6.223902e-09,0.5401619
0,0.00047490225,0.48290855,7.0586703e-10,0.5560928
0,0.0006287747,0.4732028,7.9156104e-10,0.5454016
0,0.09776598,0.46764383,0.000119793294,0.36067903
0,0.00031066855,0.47805926,1.3679094e-08,0.5285265
0,0.24557309,0.47207853,0.0001512245,0.35596552
0,0.0002983351,0.47679487,1.02674994e-10,0.54788053
0,0.010446067,0.45396516,0.0003361795,0.33326977
0,0.0061093494,0.47216797,0.00057159405,0.33331537
0,0.056781925,0.47362888,1.9456568e-06,0.5466005
0,0.0003046287,0.4794529,2.0752591e-10,0.52306205
0,0.015034196,0.4625527,2.0043176e-06,0.36200824
0,0.012538643,0.46425024,0.00025169883,0.34028637
0,0.004393803,0.47348538,0.00013893614,0.35199812
0,0.00025977026,0.4805206,5.5127225e-10,0.51730853
0,0.0009532121,0.47945204,3.0215772e-09,0.53999317
0,0.003456122,0.47682512,0.00018058243,0.33507735
0,0.0010582942,0.4823882,3.741676e-09,0.5170869
0,0.011847491,0.4750199,2.9938821e-05,0.40763324
0,0.017141977,0.47508726,0.00051491463,0.3908495
0,0.0005000658,0.48184395,1.07497435e-10,0.5357354
0,0.0014133226,0.4798123,6.2579547e-10,0.512079
0,0.026702601,0.47109586,0.00041707396,0.33558857
0,0.00026181186,0.47487274,2.6329165e-11,0.5252159
0,0.059939496,0.46302125,0.00056880224,0.4066181
0,0.018613765,0.46509382,0.00022684646,0.39227238
0,0.0003430986,0.48158738,3.6809344e-09,0.534202
0,0.0004889395,0.48113587,4.4098203e-10,0.5500104
0,0.00084482186,0.46497333,0.00879041,0.35247922
0,0.00031573296,0.48063818,1.7956753e-10,0.53598636
0,0.3539619,0.47520524,0.00033564054,0.34780338
0,0.00023666074,0.47928813,1.9458812e-10,0.53247577
0,0.008674587,0.48103282,1.7694738e-08,0.5533408
0,0.0005276708,0.48172534,1.2564828e-09,0.52065676
0,0.00072294206,0.4844435,1.3393572e-09,0.5434784
0,0.585218,0.47653663,2.7353191e-05,0.52541226
1,0.86960644,0.4792064,0.9998197,0.54440486
0,0.00036055341,0.47778505,4.5433166e-10,0.5272417
0,0.014780936,0.4744762,0.00018720761,0.34043384
0,0.034995504,0.47352836,9.841526e-09,0.53284603
0,0.00024192124,0.47931495,5.33176e-11,0.5432115
0,0.0012521752,0.4627315,0.6427135,0.37018695
0,0.007175635,0.47500697,0.0010260703,0.35941523
0,0.00032490262,0.4779434,2.351034e-10,0.5337984
0,0.00044170782,0.47933835,1.0500771e-09,0.52267396
0,0.00039620925,0.48117536,3.8776934e-10,0.55090904
0,0.03502684,0.4726709,1.6961184e-06,0.36560583
0,0.00092847826,0.47198987,2.3933207e-09,0.544424
0,0.0051948656,0.47185043,7.3513235e-08,0.3764377
0,0.000264851,0.48251072,2.8890867e-10,0.5548627
0,0.0009645195,0.47782448,1.7354013e-08,0.5543177
0,0.8080002,0.45440033,1.8048842e-05,0.35380694
0,0.00033053127,0.48349681,7.473926e-09,0.5149929
0,0.013352559,0.47446138,1.980224e-05,0.54679334
0,0.00025502904,0.47886983,2.9196096e-10,0.5379701
0,0.021307081,0.4756836,6.889168e-06,0.36522105
0,0.009129643,0.46682566,0.40608877,0.5086511
0,0.009987134,0.4649575,1.2038194e-07,0.35863975
0,0.0018465768,0.46553296,0.00028575322,0.3514736
0,0.007549774,0.47838876,0.004288224,0.4213721
0,0.00046360434,0.48021254,4.967257e-10,0.5403476
0,0.0047395574,0.46550384,1.5730058e-10,0.37888536
0,0.00029048248,0.47512504,3.248769e-11,0.5413788
0,0.00023180949,0.47034106,1.4176839e-10,0.5262248
0,0.00035722594,0.47245434,1.0959641e-06,0.53904676
0,0.0003311627,0.48054788,6.4299227e-10,0.52222127
0,0.0003674347,0.4851033,2.216554e-07,0.5375828
0,0.001073339,0.47665334,3.4013203e-10,0.5257877
0,0.0003151363,0.47585294,3.7818495e-08,0.5285673
0,0.00023613358,0.47841024,3.496887e-11,0.53575736
0,0.00035699853,0.47834194,1.9838517e-10,0.52956873
0,0.0148317395,0.47258645,1.7086498e-08,0.36074722
0,0.00041158884,0.47488016,1.977091e-09,0.5256891
0,0.0070311115,0.47295457,8.079711e-05,0.3332843
0,0.03568582,0.47536406,0.0035624246,0.38956624
0,0.17225522,0.4704679,2.5124493e-06,0.36357957
0,0.00053926115,0.47287032,2.4784266e-10,0.543683
0,0.00054722134,0.46938035,6.3565085e-07,0.49915847
0,0.0003642397,0.48149237,2.2686544e-08,0.51792026
0,0.0003929557,0.48327827,5.922551e-10,0.54530585
0,0.0005698047,0.48383504,5.3442956e-10,0.53708774
0,0.013285565,0.47420168,2.161498e-07,0.35939327
0,0.0064220396,0.47501117,1.2675178e-05,0.37001613
0,0.018523278,0.4716363,0.020522224,0.36328018
0,0.0003174213,0.48237136,1.5313958e-08,0.5427547
0,0.0060662357,0.47318342,6.5791085e-07,0.3672957
0,0.00013624923,0.46666968,1.0318139e-08,0.36531067
0,0.00946071,0.4724868,1.9561787e-07,0.36690912
0,0.008554799,0.47003198,5.1312472e-05,0.39377108
0,0.015069825,0.47460836,0.00011442793,0.40849626
0,0.01743741,0.45227003,0.00056779175,0.330804
0,0.0003932051,0.4755659,3.865345e-11,0.53189665
0,0.00046100232,0.47394454,2.0181052e-09,0.5402347
0,0.0018593029,0.4727601,9.549839e-09,0.5081219
0,0.0068873256,0.47481963,0.00030485733,0.34740025
0,0.025321467,0.4728781,8.801007e-06,0.35064352
0,0.20199768,0.4759671,0.002907046,0.38774282
0,0.024150625,0.47469968,1.2048973e-05,0.42789125
0,0.32094914,0.47542533,1.9869644e-06,0.35379317
0,0.34980342,0.44471985,2.523108e-06,0.44903117
0,0.00031479128,0.47263858,1.8947717e-09,0.53019166
0,0.00026340803,0.4727994,1.326401e-05,0.32211906
0,0.00036919166,0.48020342,5.6234215e-11,0.5424274
0,0.0014812731,0.47410944,3.4989922e-09,0.5398384
0,0.020121073,0.46953273,1.8892852e-05,0.36009037
0,0.00054783217,0.47515038,1.336206e-09,0.52627534
0,0.0008294323,0.482492,9.626497e-10,0.52907807
0,0.0006625417,0.48207554,1.2086307e-10,0.5570824
0,0.0005247177,0.4795698,1.9886335e-09,0.5427364
0,0.00060084957,0.48007715,7.265875e-11,0.53243583
0,0.0018134648,0.46931842,9.21536e-05,0.3775211
0,0.00033565637,0.4796275,5.2876197e-09,0.5392613
0,0.018422801,0.47298542,1.1453283e-06,0.3515652
0,0.0010253727,0.47214395,1.2976723e-05,0.5295026
0,0.031190194,0.47151497,2.8268646e-06,0.40309367
0,0.00037367217,0.47525445,5.638923e-07,0.51297987
0,0.0063678385,0.47452483,0.0023620527,0.3472255
0,0.8896766,0.3953831,0.99996436,0.3115145
0,0.008513645,0.46804294,0.00019909444,0.36638555
0,0.00021258916,0.47683108,3.3032296e-11,0.52170414
0,0.019748216,0.47900698,1.3400613e-05,0.42884204
0,0.0077695115,0.47274464,0.0003885964,0.4099136
0,0.0002698311,0.47778115,3.6338228e-11,0.5443092
0,0.007944459,0.47349527,1.024036e-05,0.34954208
0,0.00045692356,0.4735692,1.6163467e-06,0.33424735
0,0.20502695,0.45728728,0.00041594674,0.32503626
0,0.005557802,0.473203,3.8341783e-05,0.35048774
0,0.00034324353,0.47936863,1.6088533e-10,0.55408967
0,0.010432969,0.47235718,3.451561e-07,0.3471192
0,0.007777794,0.47299868,1.2565899e-06,0.40817443
0,0.0015833225,0.47733212,1.4124295e-09,0.5209101
0,0.0004033827,0.48243162,4.505042e-08,0.5338891
0,0.100217596,0.47130066,0.19177434,0.39842474
0,0.0005810233,0.47958264,5.851001e-08,0.5379733
0,0.017917892,0.47120193,0.00012385444,0.33538935
0,0.14136975,0.47243553,5.386326e-05,0.5432859
0,0.00031321068,0.4833984,8.717604e-11,0.5615054
0,0.00029849444,0.4786339,8.023951e-09,0.5367412
0,0.0011452636,0.48084277,1.6849587e-09,0.5338588
0,0.008257469,0.47569978,2.1493231e-07,0.35967326
0,0.0009770651,0.47477576,3.6272393e-10,0.54610306
0,0.0046374965,0.4740294,5.369156e-05,0.38107815
0,0.0047036707,0.4749486,0.00015716358,0.35924643
1,0.99801,0.47474858,0.9999931,0.51579636
0,0.00028756435,0.4837725,1.19129275e-08,0.5600257
0,0.019372731,0.46725878,0.0043594916,0.37541837
0,0.0003939012,0.48169208,1.7776093e-08,0.5176584
0,0.012565037,0.47269505,0.0017970215,0.38390228
0,0.03261594,0.4736492,0.0027214459,0.35177663
0,0.007049679,0.4748692,0.00052854035,0.34184998
0,0.017791728,0.4712717,6.792679e-07,0.35143954
0,0.0029164888,0.47111973,0.00085839746,0.35922292
0,0.022358606,0.47398317,3.9367906e-06,0.4173755
0,0.000480498,0.48120913,5.735539e-10,0.5456899
0,0.28476444,0.46579498,5.589073e-05,0.5317487
0,0.00072917284,0.4839248,8.389276e-09,0.5517219
0,0.00907357,0.4743326,0.0004349484,0.37171036
0,0.0004377127,0.4787879,4.0325016e-10,0.5243922
0,0.0002672098,0.48339367,1.1051214e-10,0.5334561
0,0.00027705505,0.4781391,1.2115435e-10,0.54611826
0,0.00042731725,0.48141432,4.778377e-10,0.54566646
0,0.0009499504,0.47722962,1.15868435e-08,0.52804035
0,0.0021572588,0.47156206,6.1963925e-05,0.32762963
0,0.0007444449,0.47174525,1.6596398e-09,0.53095424
0,0.0004059817,0.4799948,2.5783764e-09,0.545469
0,0.0018269141,0.47650743,5.572671e-05,0.36417228
0,0.021935683,0.475805,3.7249124e-06,0.42034686
0,0.00071514485,0.48001096,1.4188783e-08,0.54500675
0,0.0004621179,0.48480213,4.2009513e-10,0.5403393
0,0.012587046,0.47310618,0.0010090802,0.32051057
0,0.0008840548,0.4784245,3.1341798e-09,0.5377316
0,0.013770074,0.47621343,0.0005467406,0.372017
0,0.00021559288,0.47967783,1.4450167e-10,0.53221637
0,0.00035170792,0.47822708,1.7096814e-10,0.5294184
0,0.023923658,0.4745545,3.0319063e-06,0.37050062
0,0.006450853,0.4761344,7.317113e-05,0.40497708
0,0.010811384,0.47742787,0.00010831012,0.39675638
0,0.00025827173,0.46784893,0.00019433282,0.38319537
0,0.005984439,0.47316304,0.00013129546,0.33386403
0,0.0006753635,0.48300985,2.385697e-08,0.54928863
0,0.02228362,0.47787854,4.157812e-09,0.5476012
0,0.33634704,0.4651006,1.7739453e-07,0.36611477
0,0.05192844,0.4545713,0.0004369325,0.35861644
0,0.028797412,0.48077354,5.189566e-07,0.5180151
0,0.0015150338,0.4708897,5.1277116e-10,0.5163187
0,0.08015585,0.47528428,0.0068324665,0.3453581
0,0.002488694,0.46858653,0.01329891,0.3662268
0,0.0003828788,0.47660765,3.0791834e-11,0.5487358
1,0.9997478,0.48211256,0.9999993,0.5307867
0,0.00042843033,0.47875187,2.0507901e-08,0.53606236
0,0.015463989,0.47347084,0.000104430386,0.33450997
0,0.0004045133,0.47607806,2.4071602e-09,0.5234978
0,0.0005405523,0.47674268,3.8947436e-09,0.5339075
0,0.010431277,0.4740257,2.2244804e-07,0.36205047
0,0.00022445897,0.4816151,8.584041e-10,0.55253863
0,0.00027127226,0.47204173,2.2986921e-11,0.53866935
0,0.00031331283,0.47671673,5.2706683e-11,0.5508358
0,0.00053882494,0.47006553,0.00029769185,0.3329496
0,0.0012261863,0.47728032,1.120944e-09,0.52544427
0,0.0004678928,0.48202854,1.3919382e-09,0.50160384
0,0.013357983,0.47392505,0.00021487298,0.40022215
0,0.009513876,0.46921295,7.196032e-05,0.36941233
0,0.00027956706,0.4810371,1.789934e-10,0.5483501
0,0.0002835455,0.47533545,4.8342814e-09,0.539722
0,0.00027861685,0.47808862,1.09187145e-10,0.5383161
0,0.0006998242,0.47959897,6.5209287e-07,0.53125036
0,0.010378705,0.47272143,2.7008807e-06,0.3671229
0,0.12995252,0.4759703,5.3589414e-05,0.36363587
0,0.009563418,0.46480113,0.00023648527,0.38694564
0,0.0002689027,0.48166743,1.2457559e-10,0.5382796
0,0.00032317295,0.4811371,3.7142556e-10,0.564783
0,0.00034665706,0.47639093,1.3364054e-08,0.5242294
0,0.00019480998,0.47932088,4.0825864e-11,0.51804614
0,0.00022537228,0.47691956,6.167174e-11,0.5344676
0,0.00034856753,0.48138908,1.5301929e-08,0.5402062
0,0.006395768,0.47368297,0.00014968704,0.37134653
0,0.00081468956,0.48389375,3.746505e-08,0.55227685
0,0.0051282304,0.4721343,5.5922146e-06,0.34816226
0,0.11562675,0.47602427,4.4411277e-05,0.3640626
0,0.00027075395,0.47836787,7.3475837e-11,0.5348317
0,0.00033163346,0.48264292,4.5379905e-10,0.5256714
0,0.0009375964,0.47676805,1.6899161e-08,0.546638
0,0.020003287,0.47356308,0.0009459634,0.3264515
0,0.0002553692,0.47880206,1.8766436e-10,0.54451096
0,0.00043649768,0.47515118,5.2588117e-10,0.53544456
0,0.00030444868,0.48196453,2.1157984e-10,0.52693105
0,0.0003875271,0.47925165,2.86574e-10,0.53047234
0,0.00060633395,0.47656825,3.7354894e-05,0.38250116
0,0.00040072284,0.47977716,3.8212034e-10,0.5419542
0,0.00032108158,0.4765387,8.813272e-10,0.50296867
0,0.04272367,0.47235048,4.3878933e-07,0.35143197
0,0.00024183546,0.48243678,2.1979431e-10,0.50865835
0,0.0006446566,0.47751635,8.2563734e-10,0.5441869
0,0.00044123948,0.47257286,1.6477375e-07,0.32352993
0,0.005548846,0.46195552,0.00034977772,0.32480714
0,0.00030373866,0.47632298,5.6948146e-10,0.53116107
0,0.0016524878,0.48079923,7.2185535e-10,0.54242355
1,0.99535,0.48553863,0.9999906,0.5589141
0,0.00030278688,0.48346323,5.1792176e-10,0.5451915
0,0.0026232428,0.4705801,7.333907e-05,0.32260162
0,0.0006390282,0.47761324,3.7808076e-10,0.51998335
0,0.00024924488,0.4821335,2.3189692e-09,0.5436349
0,0.063035876,0.4747861,0.008910331,0.34473625
0,0.01353243,0.47308964,0.00014166671,0.32878307
0,0.91836435,0.43337923,0.00019848546,0.37024817
0,0.0006789037,0.47664717,3.806836e-10,0.5359285
0,0.00038781998,0.4756886,4.043087e-08,0.54645306
0,0.045625605,0.47406572,4.111585e-07,0.37058172
0,0.45701066,0.4669384,4.900019e-05,0.35438138
0,0.0031351547,0.47325447,5.170884e-11,0.5251124
0,0.001367391,0.48014295,1.5188524e-08,0.5296139
0,0.012248225,0.47299618,0.00016889416,0.33370903
0,0.003850342,0.47124544,0.00024689062,0.32987666
0,0.0003944673,0.48296046,6.3778136e-11,0.5429797
0,0.00033658146,0.48187393,1.164433e-09,0.54260975
0,0.005067,0.4693895,8.133661e-05,0.3552303
0,0.0012218417,0.48038325,1.0697617e-08,0.5439308
0,0.0067140316,0.47266304,1.7065837e-06,0.39497995
0,0.012272582,0.46502665,1.4002302e-07,0.34420684
0,0.012171976,0.4727338,4.606453e-06,0.3537645
0,0.004346528,0.4716222,0.000300918,0.3459479
0,0.0006984363,0.4768333,3.810857e-08,0.52725977
0,0.005311253,0.4756378,9.602937e-07,0.416288
0,0.00033244828,0.47580573,1.7035325e-10,0.5442711
0,0.012457605,0.4743149,0.000110908164,0.33066195
0,0.00031854722,0.47358942,2.2817286e-09,0.5523175
0,0.00035272702,0.4789337,1.1093859e-09,0.5059199
0,0.0002828187,0.47531736,2.3278669e-10,0.5412991
0,0.00030463535,0.47629955,1.6125823e-11,0.5505218
0,0.006795362,0.4695646,3.409881e-05,0.33547178
0,0.009790817,0.4647967,2.9320634e-07,0.357633
0,0.05765672,0.47562158,3.7568672e-05,0.5276731
0,0.20241588,0.4810018,0.0034906156,0.53076094
0,0.01343099,0.46910286,0.001606518,0.38933742
0,0.14148262,0.46634343,0.00030567165,0.3395722
0,0.0004730659,0.47953382,4.1220534e-11,0.5497856
0,0.39699435,0.47778517,0.0005717461,0.539432
0,0.01716809,0.47178707,4.9618528e-05,0.34811217
0,0.00047617193,0.47772488,1.9381988e-10,0.5542507
0,0.012995983,0.4667023,1.6434374e-06,0.39389005
0,0.018198604,0.46999553,0.00042124628,0.32686263
0,0.00790633,0.4719306,3.3535398e-06,0.40437073
0,0.0003848565,0.47998855,7.2986583e-10,0.50338227
0,0.0071955454,0.47271845,0.0004578422,0.3520342
0,0.00027131703,0.48024085,9.519495e-11,0.5392776
0,0.057825714,0.4736671,0.023717992,0.3369196
0,0.55818367,0.47723728,1.3870383e-06,0.38658768
0,0.000924379,0.47718668,2.2057811e-09,0.5554634
0,0.017549124,0.47255695,0.0005267044,0.33639678
0,0.052180473,0.4335587,5.48171e-09,0.3431849
0,0.00038987902,0.48104554,2.1144671e-10,0.5518447
0,0.0009198853,0.4755973,7.040508e-09,0.51421046
0,0.010841952,0.47556356,4.1607376e-07,0.3462401
0,0.013553655,0.46182516,0.0005861955,0.35656247
0,0.027359873,0.46840057,3.9768875e-05,0.34704494
0,0.0007536494,0.47793064,1.3483907e-08,0.5362015
0,0.119672395,0.47676915,0.0008990591,0.34722853
0,0.0020906616,0.4801645,0.00030997093,0.3688583
0,0.00846145,0.47502407,4.3824147e-07,0.34529302
0,0.010471749,0.4724595,6.5109765e-05,0.34856433
0,0.00032805934,0.47881138,4.7340816e-09,0.5387332
0,0.007085105,0.47006315,9.040108e-05,0.34203333
0,0.000358876,0.4812222,3.3949379e-09,0.5183686
0,0.00022859298,0.47960222,3.903508e-11,0.5311252
0,0.00026478508,0.47162366,0.0004772093,0.32828975
0,0.0006277352,0.47397786,5.213669e-10,0.52222663
0,0.032020748,0.47171947,0.0007518428,0.34971628
0,0.00034979923,0.47123632,1.7157215e-10,0.5321736
0,0.0072746105,0.4733512,2.569126e-05,0.3398729
0,0.00065413595,0.47481647,0.00013171464,0.33363932
0,0.0017486096,0.46756032,2.4158922e-05,0.3471291
0,0.0005007727,0.47856057,2.5672874e-08,0.54978967
0,0.0006383793,0.4773218,6.040109e-11,0.5459905
0,0.0004620518,0.48093307,5.870781e-10,0.5283135
0,0.0007432353,0.47300327,1.4244663e-06,0.39065993
0,0.0030791804,0.48244518,5.485614e-08,0.5519073
0,0.0002568308,0.4822192,5.3742434e-11,0.5311681
0,0.011358196,0.45501396,0.00011311599,0.3499574
0,0.0006026079,0.4695378,1.8549082e-07,0.5249098
0,0.0049517625,0.47694728,0.0008094612,0.32740802
0,0.03193936,0.4752594,0.0018350912,0.3390031
1,0.9997261,0.48381284,0.9999963,0.54660594
0,0.002223187,0.4754226,0.00015363636,0.3521297
0,0.9404906,0.4768712,1.9093424e-08,0.5295955
0,0.00029645642,0.48117298,3.003407e-10,0.5414924
0,0.004814964,0.48040405,7.587589e-06,0.56390554
0,0.0002161076,0.47612455,1.1259683e-05,0.3975935
0,0.00048198338,0.4760625,5.6263882e-09,0.54893553
0,0.0005056869,0.48230654,2.394462e-09,0.50806385
0,0.07892644,0.4687407,5.3259436e-07,0.3580183
0,0.051783174,0.47426125,2.2067215e-05,0.37931043
0,0.525709,0.45699522,1.6047281e-05,0.35953173
0,0.032262508,0.47646004,0.00018378772,0.36559826
0,0.00049360737,0.47463006,3.033254e-08,0.51316565
0,0.009896261,0.4736697,0.000110110675,0.33472258
0,0.00043872694,0.47915584,1.5221215e-07,0.5426708
0,0.00048071062,0.4819508,1.999069e-09,0.5239545
0,0.005698256,0.47673836,0.00024241535,0.38880298
0,0.00059848424,0.48267546,4.4806894e-11,0.5319067
0,0.025463339,0.46660188,1.6163547e-05,0.35514098
0,0.037894025,0.46945915,0.0036779987,0.37297854
0,0.0003760359,0.47642145,1.1509805e-10,0.530488
0,0.00026121424,0.4783353,1.4187964e-09,0.54059553
0,0.017847419,0.4692255,7.7120156e-08,0.5430691
0,0.00031594376,0.4657326,3.4037087e-10,0.5277317
0,0.00034502815,0.48067734,6.007023e-10,0.53534967
0,0.21841675,0.45620877,2.3113538e-05,0.36968356
0,0.033906505,0.44971135,3.4894072e-07,0.38388777
0,0.027060257,0.46185833,0.009594651,0.37270418
0,0.00064517773,0.48249623,2.354031e-10,0.54454136
0,0.001597774,0.4712937,2.6043287e-10,0.5213919
0,0.00039817285,0.48080176,2.4836935e-10,0.5308438
0,0.009602063,0.4709559,0.0036142583,0.35960197
0,0.00046074842,0.48132086,1.4751545e-06,0.5432353
0,0.00068157015,0.46495682,7.443539e-05,0.32728094
0,0.07023684,0.47136927,1.7535872e-06,0.35259953
0,0.005147348,0.476452,1.0575073e-06,0.36926678
0,0.00059580646,0.48162028,1.3282323e-09,0.5492842
0,0.0011425578,0.47200808,4.607323e-06,0.36038747
0,0.004697326,0.4717479,0.00048656465,0.37419522
0,0.059440374,0.46842492,0.00056604773,0.38758454
0,0.0007579814,0.47898337,9.813105e-10,0.5439916
0,0.00095076894,0.4689885,5.0557924e-07,0.4919392
0,0.00032500268,0.47199997,9.233595e-05,0.31642422
0,0.0003842113,0.47914958,4.020249e-07,0.5343491
0,0.0016578821,0.4811001,2.1482252e-09,0.5164841
0,0.00025809967,0.48111227,5.4933964e-11,0.54791516
0,0.013271234,0.473233,5.847742e-07,0.4183354
0,0.00042346146,0.47839224,5.134004e-10,0.53476983
0,0.00032246602,0.479562,3.8623546e-10,0.5452981
0,0.006255044,0.46978948,8.1230195e-05,0.3506757
0,0.028949328,0.47640544,1.8755894e-05,0.38192213
0,0.00030965873,0.47991642,4.2858694e-09,0.529604
0,0.01595835,0.47066364,0.00058123516,0.32985803
0,0.036600113,0.4736549,0.0016897845,0.33152044
0,0.00079728744,0.47226357,3.1449152e-10,0.52924085
0,0.0003640269,0.47913283,1.3775932e-10,0.5457445
0,0.0003681249,0.48085326,6.8747097e-10,0.5316688
0,0.06219647,0.48168662,3.0861376e-08,0.5354921
0,0.058779508,0.46869305,3.39481e-05,0.41792712
0,0.0032043713,0.47788107,0.00020164109,0.3459484
0,0.0110810045,0.4724553,0.0012819861,0.32276866
0,0.042809222,0.4742195,5.4492433e-05,0.36175978
0,0.029217996,0.46906623,9.413182e-06,0.44193202
0,0.037460018,0.48217252,1.3018948e-07,0.5179004
0,0.0020073596,0.46701628,1.1597196e-07,0.3481607
0,0.0003491712,0.48274317,3.0888908e-10,0.5573904
0,0.00031698676,0.47875264,3.9897168e-07,0.53400004
0,0.021520061,0.4710642,6.74414e-05,0.3466932
0,0.001944108,0.47380716,8.910123e-05,0.32713196
0,0.0004776173,0.48087054,5.199253e-09,0.5304051
0,0.009226698,0.46709138,9.977641e-06,0.35892147
0,0.014666762,0.47675472,0.00088952633,0.3416318
0,0.00034611515,0.46579954,9.453138e-09,0.5064513
0,0.2043944,0.46424478,0.0006799083,0.35799593
0,0.009076121,0.47339827,7.532554e-07,0.40241602
0,0.00062498864,0.47041047,2.6867492e-05,0.3250717
0,0.00039687683,0.48304802,1.6621115e-08,0.5378728
0,0.0006315783,0.4828693,1.9099776e-10,0.54886174
0,0.005317403,0.47435126,9.387928e-06,0.38950172
0,0.0007952956,0.47457486,5.3924025e-09,0.5469767
1,0.99977463,0.4814614,0.99994504,0.5289695
0,0.00036839434,0.45661852,8.479341e-05,0.34908408
0,0.0126621295,0.47161794,0.001632497,0.39298213
0,0.03560863,0.4655892,8.5692765e-05,0.3686862
0,0.00042437675,0.4789174,3.254528e-09,0.5282248
0,0.0002585181,0.47810835,1.10752074e-10,0.51583433
0,0.0012533267,0.466245,0.0014947988,0.31503984
0,0.00048508,0.4805725,2.091324e-10,0.54766434
0,0.00027926496,0.45718855,5.456963e-10,0.5036754
0,0.00059591944,0.4837019,8.2879287e-10,0.54691523
0,0.0056334105,0.47378898,7.776558e-06,0.34474373
0,0.02313629,0.46956313,0.00026911663,0.32340407
0,0.0003680412,0.48143843,4.2979194e-09,0.5202247
0,0.0095937215,0.4761933,1.8161704e-06,0.39147976
0,0.00076289487,0.47650394,2.6782135e-10,0.5356403
0,0.00048052252,0.48115587,5.12733e-10,0.50120234
0,0.0084524015,0.46881017,3.6363712e-05,0.37738895
0,0.0003979389,0.47446063,7.888977e-10,0.53419673
0,0.002877925,0.47374797,0.00011594312,0.3320371
0,0.05386584,0.45776662,0.006521032,0.3691937
0,0.00089843053,0.48409694,2.3904967e-09,0.5397771
0,0.16561364,0.4780531,0.002245503,0.35635015
0,0.00044240442,0.4843519,2.2698652e-09,0.51757014
0,0.00012396088,0.47023907,7.6230116e-08,0.36942503
0,0.024693606,0.48139963,6.718064e-07,0.5068098
0,0.014730862,0.47323078,0.000755447,0.32951167
0,0.036667716,0.47200963,0.016581688,0.3591246
0,0.00041938032,0.47424597,1.524246e-10,0.5377332
0,0.00046735717,0.4814867,9.039135e-10,0.5186566
0,0.00027702047,0.48140895,7.292685e-11,0.5581732
0,0.00029417695,0.47533095,6.46843e-12,0.53368187
0,0.0010230385,0.4738425,3.1725598e-08,0.5300739
0,0.03540778,0.46194342,0.00065098034,0.40602288
0,0.00032610263,0.47268984,2.1291903e-10,0.5418497
0,0.00027906187,0.48131952,4.971425e-11,0.5509483
0,0.00035547116,0.4825,1.6979919e-10,0.54033273
0,0.014163875,0.47510877,5.8550254e-06,0.40837416
0,0.012170783,0.4747044,1.7862965e-05,0.36504292
0,0.0018942885,0.47283694,5.9409835e-05,0.34654683
0,0.0037217936,0.47131196,0.00010748437,0.31622383
0,0.056538723,0.47461915,8.357955e-06,0.49733782
0,0.036219057,0.46177956,1.2750218e-06,0.35914934
0,0.001834644,0.47277182,0.000278496,0.36698157
0,0.0016807594,0.47980604,3.0205523e-05,0.35904592
0,0.0072577433,0.4729022,8.917386e-06,0.34317192
0,0.0095542,0.47402087,8.068477e-05,0.3893239
0,0.00123927,0.48261777,1.6285673e-09,0.54229563
0,0.0067092855,0.47653204,9.729876e-07,0.37865692
0,0.00078691944,0.47653893,1.6777368e-09,0.5193604
0,0.0024921708,0.46995878,7.300915e-05,0.3940624
0,0.010918907,0.47304052,0.00030938518,0.38639697
0,0.01008641,0.47431543,4.33952e-05,0.3602434
0,0.00028992747,0.4810325,1.8922933e-10,0.5505424
0,0.00026903246,0.47848928,7.9975604e-10,0.49890366
0,0.00061634,0.47604942,1.4674113e-10,0.51178575
0,0.00475741,0.47388768,0.00092996424,0.3564622
0,0.03486636,0.45354614,9.692312e-07,0.39060244
0,0.0057683163,0.47276872,2.5385186e-06,0.40563774
0,0.0059398473,0.471741,0.00012505423,0.3497741
0,0.015325714,0.47496727,0.0007490659,0.31918845
0,0.0026280019,0.47291052,0.00027444263,0.32275096
0,0.0028730032,0.45719686,7.8005115e-08,0.35080266
0,0.0024704987,0.47472832,0.000107372594,0.36100394
0,0.008853734,0.47424388,1.0763503e-05,0.54380554
0,0.00034381176,0.47717267,2.1718694e-09,0.54630584
0,0.00032094537,0.47616708,2.3265084e-10,0.5117917
0,0.0760729,0.46869084,0.003946385,0.32533163
0,0.00017226313,0.4693645,6.7629717e-12,0.3932447
0,0.00025763302,0.47993135,4.228396e-10,0.54470915
0,0.0006406964,0.4757421,3.959865e-10,0.51646405
0,0.0002622748,0.4721824,9.645423e-11,0.52641076
0,0.0031206757,0.46728987,0.0018137859,0.33543274
0,0.020026367,0.47282016,0.019661224,0.33568078
0,0.00036869437,0.48174873,1.212944e-07,0.53526646
0,0.00044951055,0.4741428,5.5943683e-10,0.52407277
0,0.001114787,0.47066903,3.6311684e-07,0.5314552
0,0.0034695957,0.4733471,0.0001626148,0.3319395
0,0.0009469936,0.48288396,3.882474e-10,0.5405055
0,0.0021285394,0.4825744,3.5571248e-09,0.51407766
0,0.018237954,0.4600763,4.2907425e-07,0.37867686
0,0.0078942245,0.47185946,3.9983098e-07,0.3861839
0,0.006226147,0.47565082,0.0002989615,0.3459213
0,0.00903302,0.47282463,0.0001388911,0.32993865
0,0.014972418,0.4752699,3.8526032e-05,0.41841823
0,0.008286051,0.46841273,7.6902813e-07,0.4053844
0,0.0003691475,0.47477868,1.9257996e-05,0.3319871
0,0.0034649689,0.47500804,0.00054964185,0.3487934
0,0.7943877,0.47404385,5.323456e-07,0.39672646
